{
  "stages": {
    "S1:v2同等": {
      "top1": 0.35994550408719345,
      "in3": 0.6746594005449591,
      "sleeper_hit": 0.08299180327868852,
      "sleeper_n": 976,
      "n_features": 27,
      "iter": 344
    },
    "S2:+走破タイム": {
      "top1": 0.36062670299727523,
      "in3": 0.6818801089918256,
      "sleeper_hit": 0.08681318681318681,
      "sleeper_n": 910,
      "n_features": 33,
      "iter": 107
    },
    "S3:+間隔": {
      "top1": 0.3686648501362398,
      "in3": 0.6847411444141689,
      "sleeper_hit": 0.08449074074074074,
      "sleeper_n": 864,
      "n_features": 37,
      "iter": 269
    },
    "S4:+相対指標": {
      "top1": 0.3704359673024523,
      "in3": 0.6854223433242507,
      "sleeper_hit": 0.09642857142857143,
      "sleeper_n": 840,
      "n_features": 47,
      "iter": 297
    },
    "S5:+コンビ": {
      "top1": 0.37057220708446864,
      "in3": 0.6896457765667575,
      "sleeper_hit": 0.09328358208955224,
      "sleeper_n": 804,
      "n_features": 52,
      "iter": 272
    },
    "POP:人気あり": {
      "top1": 0.45572207084468663,
      "in3": 0.7746594005449591,
      "sleeper_hit": 0.0,
      "sleeper_n": 0,
      "n_features": 57,
      "iter": 46
    }
  },
  "ensemble": {
    "w": 0.8,
    "top1": 0.45272479564032697,
    "in3": 0.7724795640326976,
    "sleeper_hit": 0.25,
    "sleeper_n": 8
  },
  "venue_models": {
    "園田": {
      "venue_model_top1": 0.39849624060150374,
      "venue_model_in3": 0.7314715359828142,
      "global_top1": 0.40601503759398494
    },
    "名古屋": {
      "venue_model_top1": 0.37355718782791186,
      "venue_model_in3": 0.6883525708289612,
      "global_top1": 0.3651626442812172
    },
    "佐賀": {
      "venue_model_top1": 0.42702702702702705,
      "venue_model_in3": 0.75,
      "global_top1": 0.4189189189189189
    },
    "高知": {
      "venue_model_top1": 0.4051724137931034,
      "venue_model_in3": 0.6970443349753694,
      "global_top1": 0.4014778325123153
    },
    "門別": {
      "venue_model_top1": 0.3907103825136612,
      "venue_model_in3": 0.7349726775956285,
      "global_top1": 0.3825136612021858
    },
    "金沢": {
      "venue_model_top1": 0.42950819672131146,
      "venue_model_in3": 0.759016393442623,
      "global_top1": 0.4344262295081967
    },
    "笠松": {
      "venue_model_top1": 0.39747191011235955,
      "venue_model_in3": 0.7373595505617978,
      "global_top1": 0.41713483146067415
    },
    "水沢": {
      "venue_model_top1": 0.3408624229979466,
      "venue_model_in3": 0.6632443531827515,
      "global_top1": 0.3182751540041068
    },
    "盛岡": {
      "venue_model_top1": 0.3473389355742297,
      "venue_model_in3": 0.6834733893557423,
      "global_top1": 0.36134453781512604
    }
  },
  "pop1_acc": 0.4547683923705722
}