{
  "old_top1": null,
  "old_in3": null,
  "newB_top1": 0.35994550408719345,
  "newB_in3": 0.6746594005449591,
  "newA_top1": 0.4555858310626703,
  "newA_in3": 0.7739782016348774,
  "ens_top1": 0.45258855585831065,
  "ens_in3": 0.7716621253405994,
  "ens_w": 0.8,
  "pop1": 0.4547683923705722,
  "iterA": 11,
  "iterB": 344
}